{"cameraMode":{"drawMode":2,"name":"Shaded Wireframe","section":"Shading Mode"},"sceneLighting":true,"audioPlay":false,"sceneViewState":{"showFog":false,"showMaterialUpdate":false,"showSkybox":false,"showFlares":false,"showImageEffects":false,"showParticleSystems":false},"in2DMode":false,"pivot":{"x":0.23818472027778626,"y":0.8472023010253906,"z":-0.9124255180358887},"rotation":{"x":-0.009530480019748211,"y":-0.9152616858482361,"z":0.4021620452404022,"w":-0.021701764315366746},"size":8.877015113830567,"orthographic":false}